<?xml version="1.0" encoding="UTF-8"?>
<beans xmlns="http://www.springframework.org/schema/beans"
    xmlns:xsi="http://www.w3.org/2001/XMLSchema-instance"
    xmlns:context="http://www.springframework.org/schema/context"
    xmlns:mvc="http://www.springframework.org/schema/mvc"
	xmlns:task="http://www.springframework.org/schema/task"
	xmlns:tx="http://www.springframework.org/schema/tx"
    xsi:schemaLocation="http://www.springframework.org/schema/beans http://www.springframework.org/schema/beans/spring-beans.xsd 
		http://www.springframework.org/schema/context http://www.springframework.org/schema/context/spring-context-4.0.xsd 
		http://www.springframework.org/schema/mvc http://www.springframework.org/schema/mvc/spring-mvc-4.0.xsd 
		http://www.springframework.org/schema/task http://www.springframework.org/schema/task/spring-task-4.0.xsd 
		http://www.springframework.org/schema/tx http://www.springframework.org/schema/tx/spring-tx-4.0.xsd">

	<!-- 编码 -->
	<mvc:annotation-driven>
		<mvc:message-converters>
			<bean class="org.springframework.http.converter.StringHttpMessageConverter">
				<property name="supportedMediaTypes">
					<list>
						<value>application/json;charset=UTF-8</value>
						<value>text/plain;charset=UTF-8</value>
					</list>
				</property>
			</bean>
		</mvc:message-converters>
	</mvc:annotation-driven>
 
    <!-- 扫描注解包 -->
    <context:component-scan base-package="com.hy.manager"/>
 
    <!-- don't handle the static resource -->
    <mvc:default-servlet-handler />
 
    <!-- 启用spring mvc注解 -->
    <mvc:annotation-driven />
    
    <!-- 完成请求和注解POJO的映射 -->  
    <bean class="org.springframework.web.servlet.mvc.annotation.AnnotationMethodHandlerAdapter" />
	
	<!-- nutz数据源 -->
	<!-- <bean id="springDaoRunner" class="com.hy.listener.SpringDaoRunner" />
	<bean id="ds" class="com.alibaba.druid.pool.DruidDataSource">
		<property name="username" value="dnahy2" />
		<property name="password" value="dna" />
		<property name="url" value="jdbc:oracle:thin:@192.168.0.188:1521:orcl" />
	</bean>
	<bean id="dao" class="org.nutz.dao.impl.NutDao">
		<constructor-arg>
			<ref bean="ds" />
		</constructor-arg>
		<property name="runner" ref="springDaoRunner"></property>nutz事务交给spring
	</bean> -->
     
    <!-- 视图返回定义 -->
    <bean class="org.springframework.web.servlet.view.InternalResourceViewResolver"
            id="internalResourceViewResolver">
        <!-- 前缀 -->
        <property name="prefix" value="/WEB-INF/pages/" />
        <!-- 后缀 -->
        <property name="suffix" value=".jsp" />
    </bean>
    
    <!-- 上传文件拦截，设置最大上传文件大小   10M=10*1024*1024(B)=10485760 bytes -->  
	<bean id="multipartResolver" class="org.springframework.web.multipart.commons.CommonsMultipartResolver">  
		<property name="defaultEncoding" value="utf-8" />  
		<property name="maxUploadSize" value="10485760" />  
	</bean>
	
</beans>
